commit_sha,commit_date,total_lines,total_lines_of_code,total_files
4be38ee04ec2d171afdcbaf4a130bf9ef5b222ed,2026-03-22T17:36:34Z,10608,7939,216
cb53d046e194a879d275d519bc07475c73cd0888,2026-03-22T17:41:23Z,10860,8142,227
1089f9ebb1bedf3c1ccc6563e4faaf4cd006b56a,2026-03-22T17:42:55Z,10608,7939,216
1151aad0c29a3392ab9a9d4836886f0c5edd2c83,2026-03-22T17:45:09Z,10860,8142,227
a600a2ff294755fc34f799bb8e5d3036fc0b5a0d,2026-03-29T18:47:37+01:00,9318,6914,216
e294b53fa6275712774987483bb5e8f60b6d6c03,2026-03-29T18:55:38+01:00,9567,7115,227
e54ded8ca66f4d7dcfd2559d6e09a36156a236d8,2026-03-30T22:36:46+01:00,9700,7239,216
7e47359215565a2c39205f0bddccf8641a4cb428,2026-04-01T22:11:05+01:00,9753,7501,220
f9e94f886741c2bacd8745bd1399516a991a8dd2,2026-04-02T19:31:38+01:00,9797,7539,220
61368f78116be84b2878b013e0f8545415ab8082,2026-04-03T23:02:28+01:00,10139,7879,220
5046e106f993581f271230fe3c25edaf6d4739f3,2026-04-04T17:42:41+01:00,10215,7992,220
cef61e73f367f7e4510547514ac9a46e161e944e,2026-04-04T17:49:41+01:00,10459,8188,231
a27b7253011be9974c782d564e3103e6b8f350ba,2026-04-04T18:35:24+01:00,10215,7992,220
019d246395850c47ad4d0a32880525e296b7dd2a,2026-04-04T18:59:08+01:00,10321,8084,231
9d6948d34a653668b47eb084a9ece2e404ff43eb,2026-04-04T20:33:12+01:00,10541,8277,235
fee0bba74a6ce29dcac72de1dc006efac6c46a5e,2026-04-04T20:49:28+01:00,10541,8277,235
48f8de13fc9bf37a309ffd46949d22cea49aa9e4,2026-04-04T21:02:39+01:00,10639,8359,240
0b5506adce36fd058f09c4f578c8a74cafd72290,2026-04-04T21:10:05+01:00,10639,8359,240
a30ecbb31446b6bef26895d476f470fbe599cef1,2026-04-04T21:17:57+01:00,12409,9715,279
5734eb2d81cd14d03d6d6ff757e26dd985be98c8,2026-04-05T15:36:48+01:00,10708,8422,220
53c181d890bea35552a707a079cbe2892914a72c,2026-04-05T16:33:04+01:00,10952,8618,231
ca3f8301f5f2109e7ddc91e0a0770ddc7950dbaf,2026-04-05T17:55:22+01:00,10708,8422,220
5da883b988bf953950b61c943813c8072fa5894f,2026-04-05T18:10:44+01:00,10952,8618,231
493f45d47329f4a012c04182271fb5efe6448f46,2026-04-05T19:23:29+01:00,11121,8765,235
ab6037c11eb7370226ee6ca9c688c8aea5781646,2026-04-05T19:28:04+01:00,11121,8765,235
2b15e999ba43cb7c246725c570ab55f1c6c1493a,2026-04-05T20:07:34+01:00,11219,8847,240
384b21f96ce0d2e549e9e8ea8cbb8bc0133f758d,2026-04-05T20:39:02+01:00,11219,8847,240
343e17f4280649afeda3b2f56d15593c636b0cb5,2026-04-05T21:11:10+01:00,12782,10041,279
f3ec0587d029d202947fbb4633fb8c70c51ba1dd,2026-04-06T00:30:11+01:00,11292,8918,220
87ed81a9b15173d4ff9f222d0482cf6703ac34dd,2026-04-06T01:06:14+01:00,11542,9118,231
036db867554f8513fa3e47dc3bf500202aafd8ca,2026-04-06T11:00:54+01:00,11300,8924,220
7f1aab04fccd88c38e682a27ba83c0c92591a4c3,2026-04-06T11:05:46+01:00,11548,9123,231
70db39d4961c4e11d2149b846e67bffaa55d4d03,2026-04-06T12:33:35+01:00,11717,9270,235
b7a6b8df200a5046e2a3acd54fcf3577d65aa61b,2026-04-06T23:24:49+01:00,12053,9557,235
6d6413c1d5d622541dc33359d65dbb4d527af25b,2026-04-07T15:43:20+01:00,12032,9555,220
89ead301a0ca55327c34887ba4122168d50784f6,2026-04-07T16:36:09+01:00,12297,9769,231
ff98a7c61b470f5b1671cac02e3449c97312bc19,2026-04-08T23:41:27+01:00,11926,9447,220
1115e7ce920a95ba24be69ae30e7f8f8d4f64c2a,2026-04-16T22:42:38+01:00,11926,9447,220
71d7da4c7b564a3b1412bb32078d1fa5069c8b4e,2026-04-16T22:57:36+01:00,12170,9643,231
38467db6d7c4e66c562b3619202eda91772f38e2,2026-04-17T14:26:18+01:00,12178,9665,220
d0e1becde8278c842906dd97ba7bbaa3aeeee321,2026-04-17T15:05:09+01:00,12423,9861,231
6751ce7f905b3aa66448384d99e7a7196b09147f,2026-04-17T15:50:18+01:00,12164,9650,220
666943d9b7e1cff0cb14b4d18e248d4099a52459,2026-04-17T15:53:50+01:00,12413,9850,231
ff6982946bb450c31fbeda9e6d13806610b20b39,2026-04-17T16:02:20+01:00,12653,10064,235
5adc978eb45154e93e8de01c6d7c2edfb81f2145,2026-04-22T19:38:58+01:00,12241,9721,220
615bcfa4a8e71fbe4d0a230434c3799e1b44546f,2026-06-10T22:09:04Z,12241,9721,220
f3749d853b84f9c4494c84b97525a5068835e443,2026-06-10T22:12:32Z,12839,9917,231
8064bad457552aa91877a46046c212609da8ce37,2026-06-10T22:20:04Z,12607,9731,220
c7561a2a659470eeb0fcad4956b624cf310fffa8,2026-06-15T22:24:41Z,11290,8637,220
1124e97fd13f92892cb8c78fce9c1ad614178ae2,2026-06-16T15:26:56Z,11290,8637,220
adf89111a3188be1bcb5bf1a6bc34aca32f26288,2026-06-16T21:38:34Z,11444,8773,231
64ad2655f13a5ba56c682644162cced1c6d74e4f,2026-06-21T22:22:09Z,11303,8665,221
a4e0db6c220cb9b8f457e80c701953a15513ac98,2026-06-21T22:31:44Z,11547,8861,232
09734a80a513bd31dfe13008f51637ccc51aae37,2026-06-30T22:23:33Z,11107,8536,222
d1625e8b8afee52411f3a1c3d5caef87992a0a30,2026-07-01T22:24:45Z,11184,8603,222
0cf734074280664d0aa0256c835eba99168f6a07,2026-07-02T00:27:20+01:00,11184,8603,222
3ff3cac717b32622c824e9452f49b7d5857a3d50,2026-07-10T21:25:33Z,11184,8603,222
bbed49b3498a0437d2e0caddd4fe3cec223f501a,2026-07-10T21:25:51Z,12495,9679,232
447029ae57cef46240424fc47de93b72c5888621,2026-07-18T20:21:10Z,12140,9380,222
383081ee6e8561c8c401baa7b8ca525667e9b496,2026-07-20T22:26:44Z,11885,9164,222
9c0de30ce83623d90c73967d495a546672f699f2,2026-07-21T12:27:09Z,11852,9138,222
d750ed45bef321296ebba554525127d55a642f2d,2026-07-22T13:58:38Z,11339,8703,222
096a05e62145b195c905a6607539d996e0557c2b,2026-07-24T22:08:19Z,11330,8694,222
a9830ea3fbdbc0f813c46233855f782c2c1c41b3,2026-07-24T22:41:39Z,11571,8887,232
10933a6d9c56bbdd70ae13c19909c59eaef89c58,2026-07-24T22:44:23Z,11326,8690,221
49f8dd277aeaada636f0e89241cb2a386ed15bc2,2026-07-25T17:02:37Z,11533,8877,223
2af007134ffbd94e1cfbb4d54a03fcad6187d9df,2026-07-26T11:06:57Z,11533,8877,223
928b7b0084495f6e22904157adeae54a804c279e,2026-07-26T21:43:31Z,11632,8945,233
3ab740586f03d6bd212f85160fb88c965fb01585,2026-07-26T22:02:31Z,11391,8752,222
cf2bd5c27f0b0d0f6e55d3b12c2f7cb855d41d22,2026-07-26T22:16:29Z,11634,8947,233
d2feb3cc537d3284da47b2d5fc072d7f23c1fd19,2026-07-27T11:33:55Z,11166,8557,224
c0faea418a32deacf4697fbcc8cbbe5c52cf3c86,2026-07-27T11:40:01Z,11407,8750,234
9e8cbee49a213a6b27703b745954c95149ab2560,2026-07-27T14:38:20Z,11166,8557,223
94f0a5f732020bec866de934b3ddcad9904ad7f6,2026-07-27T15:31:46Z,11409,8752,234
9431bf91c13bab04608392c30dcdf4586e07c864,2026-07-27T16:12:59Z,11571,8891,238
6ef3e798ab71814dcfed1cf76df720e72ad04700,2026-07-27T16:13:39Z,11586,8905,238
82e6d57741a0ffc6221445bb7d812a861e52aac2,2026-07-27T16:46:56Z,11692,8993,243
27191cd913c98ca93ada2c603d3e9ecd4f1cc63e,2026-07-28T16:17:01Z,11073,8475,224
b20a677151ea62ac5dbc4fe3bfeb3beeb383b7df,2026-07-29T19:25:32Z,10579,8052,224
f810e48d24710f0641ed6962f3960eeb2c97892c,2026-07-29T19:50:37Z,10820,8245,234
8554fec1e5d9590aac99db0dadf98630c4ecd425,2026-07-29T19:52:13Z,10577,8050,223
502f5da206a9edcc7dc0125b97828ca0e1dd6bf9,2026-07-29T20:40:10Z,10813,8234,234
b75bc9351cc507bf8fb61d76090ccce76bd9379e,2026-07-29T20:55:25Z,10977,8375,238
80d30e9946fbfb2310ef3c9bbfa1b153b06d892e,2026-08-19T22:26:55Z,10677,8107,224
88a12e3716263df1463c083d62011e408ba5d7eb,2026-08-23T12:34:12Z,10955,8163,224
0b0066d53ea1c85cd31c2ed6aa3c2c1a65a71d0e,2026-08-23T12:45:45Z,11198,8358,234
20d49a86f6e40ceb865c756c4b2886b5a74465d0,2026-08-23T12:59:05Z,10955,8163,223
92f68746f4b7db2554113063dba5a6f2d510ba85,2026-08-23T13:01:19Z,11198,8358,234
22475832e8cf1d9ae6f36c7dc7ae4016f85c14ca,2026-08-23T13:05:30Z,11360,8497,238
0c42192b4854b40d5832438d3e26e220d8917d27,2026-08-23T13:13:06Z,11375,8511,238
7b5d81717f592c0edc8bf945516520a30d1a4104,2026-08-26T21:34:42Z,11028,8223,224
a42a00dce226d8e5eb3390faacd7ca88469dcf36,2026-08-30T15:26:27Z,10932,8149,224
054511857d5bca2ae431f4a57ad5c9d8bd1bab85,2026-08-31T20:54:21Z,11085,8274,224
b269fe58c2ecdb0a4370b8ba2b3a6875aea7d998,2026-08-31T21:00:32Z,11342,8483,234
d10a9c513a3f0f6a2bc1eb03c79d5e037a8e640f,2026-08-31T22:02:43Z,11103,8292,223
71e98ab38ef6697f40ad56d72dca92799d80e194,2026-09-01T22:13:27Z,11090,8283,224
7d07d278bfd3d73c38e95f960c9483fe78547ddb,2026-09-02T12:16:41Z,11090,8283,224
a2e4eb28009000783a87fec57936f66864835bed,2026-09-02T12:27:24Z,11337,8482,234
3f8bcb8a77e8ac08e9c3a5c95ad4108b27108b63,2026-09-02T13:16:14Z,11094,8287,223
ca19da2918dfc8d66387bf4f3318c29fe6451cca,2026-09-02T13:53:08Z,11337,8482,234
217945eb566097ce2c82bfc37cbfa535bf8cc91d,2026-09-02T14:07:38Z,11474,8598,238
82f9f2d18ce02b1addad6493f214b2a6c8248dff,2026-09-02T21:11:17Z,11637,8740,238
aa4e314b5dcd956f80e0a84c7ff3790f49ddc688,2026-09-02T21:59:59Z,11735,8822,243
faed39b57619f4aab324dab2e10a1582e9702b81,2026-09-04T21:44:04Z,11390,8516,224
565c0a4d4e7803f7d130c0d619443f44853c472c,2026-09-04T22:43:53Z,11673,8747,234
bb105648d40005afac7f31ccb72ac6a5ac5af5fe,2026-09-05T10:48:47Z,11450,8578,224
5dcc4bb73e1b19adb92459d90f008c4b8c29986f,2026-09-05T16:06:26Z,11691,8771,234
46ec77a391eb3107db32f4054934ddef04219f87,2026-09-06T15:22:30Z,11346,8496,226
dfe5cb32d5cf732851a5ef14d91c18e453ad232e,2026-09-06T17:05:51Z,11603,8711,236
7e7888a59fb8da62e5f1cdb807fef69b3ca4ed83,2026-09-06T18:03:25Z,11400,8550,225
24d21aa79482182f300ef2a3b619208ff67e004a,2026-09-06T18:09:06Z,11624,8728,236
5825f8ad73610046a5ebea3cae528ba667a4bbde,2026-09-06T18:14:14Z,11743,8831,240
0bb6646cf793b5b5bf823ce5fcd1a9aff35affd8,2026-09-07T13:34:48Z,11490,8618,226
4c2b1836818bc6f1ec22c46cb338f01a5f194fc4,2026-09-07T20:36:00Z,11728,8811,236
2968d1628cf892e1861fba0f11e47a4fcdcfa170,2026-09-07T20:36:20Z,11504,8633,225
a29691ff2a9f254eeb0e3fc54dcec192840e7768,2026-09-07T20:50:39Z,11728,8811,236
8ca9b5d9cf8a17c3d11862b0f5b3cd2a10c4ecd8,2026-09-10T22:19:39Z,11641,8734,226
8cd1dbdb425be788e3ce3075a11401815e41b644,2026-09-10T22:35:17Z,11865,8912,236
92c7690af2a53d4102cbaed912778ee3482a46c1,2026-09-10T22:37:07Z,11643,8736,225
14c9f83fa5af39a1e2bcd4aedfb74c2d60e2c778,2026-09-10T22:38:35Z,11865,8912,236
56562356327706516c3d04cadc0c4a98bee6b677,2026-09-10T23:49:11+01:00,11008,8250,216
bfacbccf4f6a8841d4f8a8b5b40d4779f47af6bb,2026-09-16T17:51:46Z,11260,8453,227
72ff9e1babe3530a2cfc1d2d56a5ba5d11f675f5,2026-09-19T20:44:47Z,11260,8453,227
2940b24267f8406ebc4efa2cbe69e791ad8e8cb1,2026-09-19T20:59:16Z,11523,8672,231
ab4335d52c322b1920ab9dd0d20d15a06b47af2e,2026-09-19T21:26:41Z,11523,8672,231
8cedb8ab68ce60092a9e66dd8045475b8923147c,2026-09-20T11:23:33Z,11622,8755,236
a4b6d0c3237f1e138ef7b51cf8f59d727761eb12,2026-09-24T19:00:12Z,11679,8801,236
41b1e43bc701006ba572858bf725cf9f953d9d8c,2026-09-26T20:53:23Z,13285,10025,275
